group	file
СМГ Зима	СМГ Зима\\МСГ\2020\03 Март 2020\Ключи\Ключевые события СМУ №7 от 10.03.2020.xlsx
СМГ Зима	СМГ Зима\\МСГ\2020\03 Март 2020\Ключи\Ключевые события Стройфинансгрупп от 09.03.2020.xlsx
СМГ Зима	СМГ Зима\\МСГ\2020\03 Март 2020\Ключи\Ключевые события Энергомост от 09.03.2020.xlsx
СМГ Зима	СМГ Зима\\МСГ\2020\03 Март 2020\Ключи\Ключевые события Югранефтестрой от 09.03.2020.xlsx
СМГ Зима	СМГ Зима\\МСГ\2020\05 Май 2020\ООО Энергия\График движения ресурсов.xlsx
СМГ Зима	СМГ Зима\\МСГ\2020\05 Май 2020\ООО Энергия\график доставки мтр.xlsx
СМГ Зима	СМГ Зима\\МСГ\2020\05 Май 2020\ООО Энергия\Сводка 0.9.05.2020 энергия.xlsx
СМГ Зима	СМГ Зима\\МСГ\2020\10 Октябрь\Энергомост\График движения людских и техничесих ресурсов Энергомост  на Октябрь.xlsx
СМГ Зима	СМГ Зима\\МСГ\2020\10 Октябрь\Энергомост\МСГ ПС 35-6 кВ Узел сепарации на Октябрь.xlsx
СМГ Зима	СМГ Зима\\МСГ\2020\10 Октябрь\Энергомост\МСГ ПС 6-35 кВ Энергокомплекс 23.09.2020  на Октябрь.xlsx
СМГ Зима	СМГ Зима\\МСГ\2020\12 Декабрь\Энергомост\МСГ ПС 35-6 кВ Узел сепарации на декабрь.xlsx
СМГ Зима	СМГ Зима\\МСГ\2020\12 Декабрь\Энергомост\МСГ ПС 6-35 кВ Энергокомплекс на Декабрь.xlsx
СМГ Зима	СМГ Зима\\МСГ\2021\01 Январь 2021\МСГ ПС 35-6 кВ Узел сепарации на Январь 22.01.2021.xlsx
СМГ Зима	СМГ Зима\\МСГ\2021\01 Январь 2021\МСГ ПС 6-35 кВ Энергокомплекс Январь 22.01.2021.xlsx
СМГ Зима	СМГ Зима\\МСГ\2021\02 Февраль 2021\МСГ ПС 35-6 кВ Узел сепарации на Февраль 28.02.2021 (1).xlsx
СМГ Зима	СМГ Зима\\МСГ\2021\02 Февраль 2021\МСГ ПС 6-35 кВ Энергокомплекс Февраль 28.02.2021.xlsx
СМГ Зима	СМГ Зима\\МСГ\2021\04 Апрель 2021\График У П Н Март  от 01.04.2021.xlsx
СМГ Зима	СМГ Зима\\МСГ\2021\06 Июнь\график по узлам водоводов.xlsx
СМГ Зима	СМГ Зима\\МСГ\2021\09 Сентябрь\МСГ АБЖК.xlsx
СМГ Зима	СМГ Зима\\МСГ\2021\10 Октябрь\МСГ АБЖК.xlsx
СМГ Зима	СМГ Зима\\МСГ\2021\10 Октябрь\МСГ объекты ПО  Октябрь Энергомост.xlsx
СМГ Зима	СМГ Зима\\МСГ\2021\11 Ноябрь\МСГ АБЖК.xlsx
СМГ Зима	СМГ Зима\\МСГ\2021\11 Ноябрь\МСГ объекты ПО  Ноябрь Энергомост 30.11.2021.xlsx
СМГ Зима	СМГ Зима\\МСГ\2021\12 Декабрь\МСГ АБЖК.xlsx
СМГ Зима	СМГ Зима\\МСГ\2021\12 Декабрь\МСГ объекты ПО  Октябрь Энергомост 01.12.2021.xlsx
СМГ Мессояха	СМГ Мессояха\\СМГ\Сводки 2014\Август 2014\ПСД\Сводка ЦПС СМР 30_08_2014.xlsm
СМГ Мессояха	СМГ Мессояха\\СМГ\Сводки 2014\Август 2014\РГИ\Сводка Кусты СМР 01_09_2014.xlsm
СМГ Мессояха	СМГ Мессояха\\СМГ\Сводки 2014\Август 2014\РГИ\Сводка Кусты СМР 30_08_2014.xlsm
СМГ Мессояха	СМГ Мессояха\\СМГ\Сводки 2014\Август 2014\СГАТ\Сводка СМР НН 30 08 14г.xlsx
СМГ Мессояха	СМГ Мессояха\\СМГ\Сводки 2014\Август 2014\СЭМ\Сводка ГТЭС СМР 01_09_2014.xlsm
СМГ Мессояха	СМГ Мессояха\\СМГ\Сводки 2014\Август 2014\СЭМ\Сводка ГТЭС СМР 30_08_2014.xlsm
СМГ Мессояха	СМГ Мессояха\\СМГ\Сводки 2014\Август 2014\ЦСС\Сводка ПСП СМР 01_09_2014.xlsm
СМГ Мессояха	СМГ Мессояха\\СМГ\Сводки 2014\Август 2014\ЦСС\Сводка ПСП СМР 30_08_2014.xlsm
СМГ Мессояха	СМГ Мессояха\\СМГ\Сводки 2014\Апрель 2014\ПСД\2014_04_30_ сводка по мобилизации ПСД.xlsx
СМГ Мессояха	СМГ Мессояха\\СМГ\Сводки 2014\Апрель 2014\ПСД\ЦПС СМР\Сводка по ЦПС СМР в 2014 г  01 05 2014.xlsm
СМГ Мессояха	СМГ Мессояха\\СМГ\Сводки 2014\Апрель 2014\ПСД\ЦПС СМР\апрель\Сводка по ЦПС СМР в 2014 г  30 04 2014 .xlsm
СМГ Мессояха	СМГ Мессояха\\СМГ\Сводки 2014\Апрель 2014\РусГазИнжиниринг\Сводка СМР по Кусты 01 05 2014.xlsm
СМГ Мессояха	СМГ Мессояха\\СМГ\Сводки 2014\Апрель 2014\РусГазИнжиниринг\Сводка СМР по Кусты 30 04 2014.xlsm
СМГ Мессояха	СМГ Мессояха\\СМГ\Сводки 2014\Декабрь 2014\Сводка ГТЭС СМР 30_12_2014 г.xlsm
СМГ Мессояха	СМГ Мессояха\\СМГ\Сводки 2014\Декабрь 2014\Сводка УДС отсыпка 30 12 2014.xlsx
СМГ Мессояха	СМГ Мессояха\\СМГ\Сводки 2014\Декабрь 2014\Велестрой\Сводка СМР НН Велесстрой 30 12 2014г.xlsx
СМГ Мессояха	СМГ Мессояха\\СМГ\Сводки 2014\Декабрь 2014\ПСД\Сводка ЦПС СМР 30_12_2014.xlsx
СМГ Мессояха	СМГ Мессояха\\СМГ\Сводки 2014\Декабрь 2014\СГАТ\Сводка СМР НН СГАТ 30 12 2014гыаыукаыу .xlsx
СМГ Мессояха	СМГ Мессояха\\СМГ\Сводки 2014\Декабрь 2014\СЭМ\Сводка ГТЭС СМР 30_12_2014 г.xlsm
СМГ Мессояха	СМГ Мессояха\\СМГ\Сводки 2014\Декабрь 2014\ЦСС\Сводка ПСП СМР 30_12_2014 г (1).xlsx
СМГ Мессояха	СМГ Мессояха\\СМГ\Сводки 2014\Июль 2014\ПСД\Сводка ЦПС СМР 31_07_2014 (2).xlsm
СМГ Мессояха	СМГ Мессояха\\СМГ\Сводки 2014\Июль 2014\РГИ\Сводка Кусты СМР 31_07_2014.xlsm
СМГ Мессояха	СМГ Мессояха\\СМГ\Сводки 2014\Июль 2014\СГАТ\Сводка СМР НН 31 07 14г.xlsx
СМГ Мессояха	СМГ Мессояха\\СМГ\Сводки 2014\Июль 2014\СЭМ\Сводка ГТЭС СМР 31_07_2014.xlsm
СМГ Мессояха	СМГ Мессояха\\СМГ\Сводки 2014\Июль 2014\ЦСС\Сводка ПСП СМР 31_07_2014.xlsm
СМГ Мессояха	СМГ Мессояха\\СМГ\Сводки 2014\Июнь 2014\ПСД\Сводка ЦПС СМР в  2014 г  26_06_2014.xlsm
СМГ Мессояха	СМГ Мессояха\\СМГ\Сводки 2014\Июнь 2014\РГИ\Сводка СМР  Кусты 26_06_2014.xlsm
СМГ Мессояха	СМГ Мессояха\\СМГ\Сводки 2014\Июнь 2014\СЭМ\Сводка ГТЭС СМР в 2014 г   26_06_2014.xlsm
СМГ Мессояха	СМГ Мессояха\\СМГ\Сводки 2014\Июнь 2014\ЦСС\Сводка ПСП СМР в 2014 г  26_06_2014.xlsm
СМГ Мессояха	СМГ Мессояха\\СМГ\Сводки 2014\Май 2014\ПСД\СМР\Сводка по ЦПС СМР в 2014 г  31 05 2014.xlsm
СМГ Мессояха	СМГ Мессояха\\СМГ\Сводки 2014\Май 2014\РусГазИнжиниринг\Сводка СМР  Кусты 31_05_2014.xlsm
СМГ Мессояха	СМГ Мессояха\\СМГ\Сводки 2014\Май 2014\СЭМ\СМР\Сводка ГТЭС СМР в 2014 г  31_05_2014.xlsm
СМГ Мессояха	СМГ Мессояха\\СМГ\Сводки 2014\Май 2014\ЦСС\СМР\Сводка ПСП СМР в 2014 г  31_05_2014.xlsm
СМГ Мессояха	СМГ Мессояха\\СМГ\Сводки 2014\Май 2014\ЦСС\СМР\Сводка ПСП СМР в 2014 г 01_06_2014.xlsm
СМГ Мессояха	СМГ Мессояха\\СМГ\Сводки 2014\Ноябрь 2014\Велестрой\Сводка СМР НН Велесстрой 29 11 2014г.xlsx
СМГ Мессояха	СМГ Мессояха\\СМГ\Сводки 2014\Ноябрь 2014\ПСД\Сводка ЦПС 29_11_2014 г.xlsx
СМГ Мессояха	СМГ Мессояха\\СМГ\Сводки 2014\Ноябрь 2014\СГАТ\Сводка СМР НН СГАТ 29 11 2014г.xlsx
СМГ Мессояха	СМГ Мессояха\\СМГ\Сводки 2014\Ноябрь 2014\СЭМ\Сводка ГТЭС СМР 29_11_2014г.xlsm
СМГ Мессояха	СМГ Мессояха\\СМГ\Сводки 2014\Ноябрь 2014\ЦСС\Сводка СМР ПСП  29 11 14г гпн (2) (3).xlsx
СМГ Мессояха	СМГ Мессояха\\СМГ\Сводки 2014\Октябрь 2014\Велесстрой\Сводка СМР НН Велесстрой 29 10 2014г.xlsx
СМГ Мессояха	СМГ Мессояха\\СМГ\Сводки 2014\Октябрь 2014\ПСД\Сводка СМР ЦПС 30 10 14г .xlsx
СМГ Мессояха	СМГ Мессояха\\СМГ\Сводки 2014\Октябрь 2014\РГИ\Сводка Кусты СМР 03_10_2014.xlsm
СМГ Мессояха	СМГ Мессояха\\СМГ\Сводки 2014\Октябрь 2014\СГАТ\Сводка СМР НН 30 10 14г.xlsx
СМГ Мессояха	СМГ Мессояха\\СМГ\Сводки 2014\Октябрь 2014\СЭМ\Сводка ГТЭС СМР 30_10_2014.xlsm
СМГ Мессояха	СМГ Мессояха\\СМГ\Сводки 2014\Октябрь 2014\ЦСС\Сводка СМР ПСП  30 10 14г гпн (2).xlsx
СМГ Мессояха	СМГ Мессояха\\СМГ\Сводки 2014\Сентябрь 2014\ПСД\Сводка ЦПС СМР 30_09_2014 ГПН 4.xlsm
СМГ Мессояха	СМГ Мессояха\\СМГ\Сводки 2014\Сентябрь 2014\РГИ\Сводка Кусты СМР 30_09_2014 (1).xlsm
СМГ Мессояха	СМГ Мессояха\\СМГ\Сводки 2014\Сентябрь 2014\СГАТ\Сводка СМР НН 30 09 14г.xlsx
СМГ Мессояха	СМГ Мессояха\\СМГ\Сводки 2014\Сентябрь 2014\СЭМ\Сводка ГТЭС СМР 30_09_2014.xlsm
СМГ Мессояха	СМГ Мессояха\\СМГ\Сводки 2014\Сентябрь 2014\ЦСС\Сводка ПСП СМР 30_09_2014 (2).xlsm
СМГ Мессояха	СМГ Мессояха\\СМГ\Сводки 2015\Август 2015\Аргос Прометей\Сводка СМР обустройство АРГОС-Прометей  31 08 2015 г .xlsx
СМГ Мессояха	СМГ Мессояха\\СМГ\Сводки 2015\Август 2015\ГТЭС Велесстрой\СМР ГТЭС Велесстрой 31.08.15.xlsx
СМГ Мессояха	СМГ Мессояха\\СМГ\Сводки 2015\Август 2015\ГТЭС СЭМ\Сводка СМР ГТЭС СЭМ 31.08.15.xlsx
СМГ Мессояха	СМГ Мессояха\\СМГ\Сводки 2015\Август 2015\ПСД ЦПС\Сводка СМР по ЦПС за 31.08.15.xlsx
СМГ Мессояха	СМГ Мессояха\\СМГ\Сводки 2015\Август 2015\ПСП Велесстрой\Сводка СМР ПСП Велесстрой 31.08.15.xlsx
СМГ Мессояха	СМГ Мессояха\\СМГ\Сводки 2015\Август 2015\ПСП ЦСС\Сводка СМГ ПСП 31.08.2015.xlsx
СМГ Мессояха	СМГ Мессояха\\СМГ\Сводки 2015\Август 2015\СГАТ\Сводка СМР НН СГАТ 31.08.15.xlsx
СМГ Мессояха	СМГ Мессояха\\СМГ\Сводки 2015\Август 2015\СНГ Альянс\Сводка СМР ОБП, ВЖК 31.08.2015.xlsx
СМГ Мессояха	СМГ Мессояха\\СМГ\Сводки 2015\Август 2015\УДС ПРП\Сводка УДС ПРП 31.08.2015.xlsx
СМГ Мессояха	СМГ Мессояха\\СМГ\Сводки 2015\Август 2015\ЭСМТ\Сводка СМР Энергетика ЭСМТ 31.08.2015.xlsx
СМГ Мессояха	СМГ Мессояха\\СМГ\Сводки 2015\Апрель 2015\Аргос\Сводка СМР обустройство АРГОС 29.04.2015г.xlsx
СМГ Мессояха	СМГ Мессояха\\СМГ\Сводки 2015\Апрель 2015\Велесстрой\Сводка СМР НН Велесстрой 29.04.2015.xlsx
СМГ Мессояха	СМГ Мессояха\\СМГ\Сводки 2015\Апрель 2015\Велесстрой ГТЭС\Сводка СМР ГТЭС Велесстрой 29.04.15.xlsx
СМГ Мессояха	СМГ Мессояха\\СМГ\Сводки 2015\Апрель 2015\Инженерка\Сводка по инженерной подготовке 2015г на 29.04.15.xls
СМГ Мессояха	СМГ Мессояха\\СМГ\Сводки 2015\Апрель 2015\МС-12\Сводка по 135 мосту  за 29.04.15г.xls
СМГ Мессояха	СМГ Мессояха\\СМГ\Сводки 2015\Апрель 2015\Промэкс\Сводка СМР обустройство Промэкс-Групп 05.04.2015г.xlsx
СМГ Мессояха	СМГ Мессояха\\СМГ\Сводки 2015\Апрель 2015\ПСД\Сводка СМР ЦПС 29.04.2015.xlsm
СМГ Мессояха	СМГ Мессояха\\СМГ\Сводки 2015\Апрель 2015\СГАТ\Сводка СМР НН СГАТ 29.04.2015 (2).xlsx
СМГ Мессояха	СМГ Мессояха\\СМГ\Сводки 2015\Апрель 2015\СНГ Альянс\Сводный отчет СМР от 30.04.2015.xlsx
СМГ Мессояха	СМГ Мессояха\\СМГ\Сводки 2015\Апрель 2015\СЭМ\Сводка СМР ГТЭС СЭМ 29.04.15.xlsx
СМГ Мессояха	СМГ Мессояха\\СМГ\Сводки 2015\Апрель 2015\ЦСС\Сводка СМР ПСП 29.04.2015.xlsx
СМГ Мессояха	СМГ Мессояха\\СМГ\Сводки 2015\Декабрь 2015\Сводки СМР за 30.12.2015\1\Сводка по инженерной подготовке  на 30.12.15.xlsx
СМГ Мессояха	СМГ Мессояха\\СМГ\Сводки 2015\Декабрь 2015\Сводки СМР за 30.12.2015\1\Сводка СМР ГТЭС ВС от 30.12.15.xlsx
СМГ Мессояха	СМГ Мессояха\\СМГ\Сводки 2015\Декабрь 2015\Сводки СМР за 30.12.2015\1\Сводка СМР ГТЭС СЭМ от 30.12.15.xlsx
СМГ Мессояха	СМГ Мессояха\\СМГ\Сводки 2015\Декабрь 2015\Сводки СМР за 30.12.2015\1\Сводка СМР ОБП ВЖК 30.12.2015.xlsx
СМГ Мессояха	СМГ Мессояха\\СМГ\Сводки 2015\Декабрь 2015\Сводки СМР за 30.12.2015\1\Сводка СМР ПСП НВДС и  КЕДР на  30.12.15.xlsx
СМГ Мессояха	СМГ Мессояха\\СМГ\Сводки 2015\Декабрь 2015\Сводки СМР за 30.12.2015\1\Сводка_СМР_обустройство АРГОС-30 12 2015_Аргос.xlsx
СМГ Мессояха	СМГ Мессояха\\СМГ\Сводки 2015\Июль 2015\АРГОС-Прометей\Сводка СМР обустройство АРГОС-Прометей  31.07.2015г.xlsx
СМГ Мессояха	СМГ Мессояха\\СМГ\Сводки 2015\Июль 2015\ГТЭС Велесстрой\Сводка СМР ГТЭС Велесстрой 31.07.2015 x.xlsx
СМГ Мессояха	СМГ Мессояха\\СМГ\Сводки 2015\Июль 2015\ГТЭС СЭМ\Сводка СМР ГТЭС СЭМ 31.07.15.xlsx
СМГ Мессояха	СМГ Мессояха\\СМГ\Сводки 2015\Июль 2015\ПСД ЦПС\Сводка СМР по ЦПС за 31.07.15.xlsx
СМГ Мессояха	СМГ Мессояха\\СМГ\Сводки 2015\Июль 2015\СГАТ\Сводка СМР НН СГАТ 31.07.2015.xlsx
СМГ Мессояха	СМГ Мессояха\\СМГ\Сводки 2015\Июль 2015\СНГ Альянс\Сводка ОБП, ВЖК 31.07.2015.xlsx
СМГ Мессояха	СМГ Мессояха\\СМГ\Сводки 2015\Июль 2015\ЦСС ПСП\Сводка СМР ПСП 31.07.2015.xlsx
СМГ Мессояха	СМГ Мессояха\\СМГ\Сводки 2015\Июль 2015\ЭСМТ энергетика\Сводка СМР Энергетика ЭСМТ 31 07 2015.xlsx
СМГ Мессояха	СМГ Мессояха\\СМГ\Сводки 2015\Июнь 2015\АРГОС-Прометей\Сводка СМР обустройство АРГОС-Прометей  30.06.20155г .xlsx
СМГ Мессояха	СМГ Мессояха\\СМГ\Сводки 2015\Июнь 2015\Велесстрой НН\Сводка СМР НН Велесстрой 10.06.2015.xlsx
СМГ Мессояха	СМГ Мессояха\\СМГ\Сводки 2015\Июнь 2015\ГТЭС Велесстрой\Сводка СМР ГТЭС Велесстрой 30.06.15.xlsx
СМГ Мессояха	СМГ Мессояха\\СМГ\Сводки 2015\Июнь 2015\ГТЭС СЭМ\Сводка СМР ГТЭС СЭМ 30.06.15.xlsx
СМГ Мессояха	СМГ Мессояха\\СМГ\Сводки 2015\Июнь 2015\МС-12\Копия Сводка по 135 мосту  за 02 06 15г.xls
СМГ Мессояха	СМГ Мессояха\\СМГ\Сводки 2015\Июнь 2015\ПСД ЦПС\Сводка СМР по ЦПС за 30.06.15.xlsx
СМГ Мессояха	СМГ Мессояха\\СМГ\Сводки 2015\Июнь 2015\СГАТ\Сводка СМР НН СГАТ 29.06.2015.xlsx
СМГ Мессояха	СМГ Мессояха\\СМГ\Сводки 2015\Июнь 2015\СНГ Альянс\СМГ июнь ОБП  30.06.2015.xlsx
СМГ Мессояха	СМГ Мессояха\\СМГ\Сводки 2015\Июнь 2015\ЦСС ПСП\Сводка СМР ПСП 30 06 2015.xlsx
СМГ Мессояха	СМГ Мессояха\\СМГ\Сводки 2015\Июнь 2015\ЭСМТ энергетика\Сводка СМР Энергетика ЭСМТ 30.06.2015..xlsx-1.xlsx
СМГ Мессояха	СМГ Мессояха\\СМГ\Сводки 2015\Май 2015\Аргос\Сводка СМР обустройство АРГОС-Прометей 31.05.2015г.xlsx
СМГ Мессояха	СМГ Мессояха\\СМГ\Сводки 2015\Май 2015\Велестрой ГТЭС\Сводка СМР ГТЭС Велесстрой 31.05.15.xlsx
СМГ Мессояха	СМГ Мессояха\\СМГ\Сводки 2015\Май 2015\Велестрой НН\Сводка СМР НН Велесстрой 31.05.2015.xlsx
СМГ Мессояха	СМГ Мессояха\\СМГ\Сводки 2015\Май 2015\Инженерная подготовка\Сводка по инженерной подготовке 2015г на 07.05.15.xls
СМГ Мессояха	СМГ Мессояха\\СМГ\Сводки 2015\Май 2015\МС-12\Сводка по 135 мосту  за 28.05.15г.xls
СМГ Мессояха	СМГ Мессояха\\СМГ\Сводки 2015\Май 2015\ПСД\Сводка СМР по ЦПС за 31.05.15.xlsm
СМГ Мессояха	СМГ Мессояха\\СМГ\Сводки 2015\Май 2015\СГАТ\Сводка СМР НН СГАТ 31.05.2015.xlsx
СМГ Мессояха	СМГ Мессояха\\СМГ\Сводки 2015\Май 2015\СНГ-Альянс\Отчет по СМР ОБП 31.05.2015.xlsx
СМГ Мессояха	СМГ Мессояха\\СМГ\Сводки 2015\Май 2015\СЭМ\Сводка СМР ГТЭС СЭМ 31.05.15.xlsx
СМГ Мессояха	СМГ Мессояха\\СМГ\Сводки 2015\Май 2015\ЦСС\Сводка СМР ПСП 31.05.2015.xlsx
СМГ Мессояха	СМГ Мессояха\\СМГ\Сводки 2015\Март 2015\АРГОС\Сводка СМР обустройство АРГОС 31.03.2015г.xlsx
СМГ Мессояха	СМГ Мессояха\\СМГ\Сводки 2015\Март 2015\Велесстрой\Сводка СМР НН Велесстрой 31.03.2015.xlsx
СМГ Мессояха	СМГ Мессояха\\СМГ\Сводки 2015\Март 2015\Инженерка\Сводка по отсыпке 2015г на 31.03.15г.xls
СМГ Мессояха	СМГ Мессояха\\СМГ\Сводки 2015\Март 2015\МС-12\Сводка по 135 мосту  за 31.03.15г.xls
СМГ Мессояха	СМГ Мессояха\\СМГ\Сводки 2015\Март 2015\Промэкс\Сводка СМР обустройство Промэкс-Групп 31.03.2015г.xlsx
СМГ Мессояха	СМГ Мессояха\\СМГ\Сводки 2015\Март 2015\ПСД\Сводка СМР ЦПС 31.03.15.xlsx
СМГ Мессояха	СМГ Мессояха\\СМГ\Сводки 2015\Март 2015\СГАТ\Сводка СМР НН СГАТ 31.03.2015.xlsx
СМГ Мессояха	СМГ Мессояха\\СМГ\Сводки 2015\Март 2015\СЭМ\Сводка СМР ГТЭС 31 03 15.xlsx
СМГ Мессояха	СМГ Мессояха\\СМГ\Сводки 2015\Март 2015\ЦСС\Сводка СМР ПСП 31 03 2015.xlsx
СМГ Мессояха	СМГ Мессояха\\СМГ\Сводки 2015\Ноябрь 2015\Сводки СМР за 30.11.2015\1\Сводка по ИП по Мессояхе 30.11.15.xlsx
СМГ Мессояха	СМГ Мессояха\\СМГ\Сводки 2015\Ноябрь 2015\Сводки СМР за 30.11.2015\1\Сводка СМР ГТЭС ВС от 30.11.15.xlsx
СМГ Мессояха	СМГ Мессояха\\СМГ\Сводки 2015\Ноябрь 2015\Сводки СМР за 30.11.2015\1\Сводка СМР ГТЭС СЭМ от 30.11.15.xlsx
СМГ Мессояха	СМГ Мессояха\\СМГ\Сводки 2015\Ноябрь 2015\Сводки СМР за 30.11.2015\1\Сводка СМР ОБП ВЖК 30.11.2015.xlsx
СМГ Мессояха	СМГ Мессояха\\СМГ\Сводки 2015\Ноябрь 2015\Сводки СМР за 30.11.2015\1\Сводка СМР ПСП НВДС и  КЕДР на  30.11.15.xlsx
СМГ Мессояха	СМГ Мессояха\\СМГ\Сводки 2015\Ноябрь 2015\Сводки СМР за 30.11.2015\1\Сводка_СМР_обустройство АРГОС_30 11 2015.xlsx
СМГ Мессояха	СМГ Мессояха\\СМГ\Сводки 2015\Ноябрь 2015\Сводки СМР за 30.11.2015\1\Сводка_СМР_энергетика-ЭСМТ_30 11 2015.xlsx
СМГ Мессояха	СМГ Мессояха\\СМГ\Сводки 2015\Октябрь 2015\Сводки СМР за 31.10.2015\1\Выполнение 31.10.  ООО УСК.xlsx
СМГ Мессояха	СМГ Мессояха\\СМГ\Сводки 2015\Октябрь 2015\Сводки СМР за 31.10.2015\1\Сводка по ИП по Мессояхе 31.10.15 .xlsx
СМГ Мессояха	СМГ Мессояха\\СМГ\Сводки 2015\Октябрь 2015\Сводки СМР за 31.10.2015\1\Сводка СМР ГТЭС ВС от  31.10.15.xlsx
СМГ Мессояха	СМГ Мессояха\\СМГ\Сводки 2015\Октябрь 2015\Сводки СМР за 31.10.2015\1\Сводка СМР ГТЭС СЭМ от 31.10.15.xlsx
СМГ Мессояха	СМГ Мессояха\\СМГ\Сводки 2015\Октябрь 2015\Сводки СМР за 31.10.2015\1\Сводка СМР ПСП НВДС и КЕДР 31.10.15.xlsx
СМГ Мессояха	СМГ Мессояха\\СМГ\Сводки 2015\Октябрь 2015\Сводки СМР за 31.10.2015\1\Сводка_СМР_обустройство АРГОС_31 10 2015...xlsx
СМГ Мессояха	СМГ Мессояха\\СМГ\Сводки 2015\Октябрь 2015\Сводки СМР за 31.10.2015\1\Сводка_СМР_энергетика-ЭСМТ_31 10 2015....xlsx
СМГ Мессояха	СМГ Мессояха\\СМГ\Сводки 2015\Сентябрь 2015\Сводка СМР за 30.09.2015 г\Свадк СМР за 30.09.2015 г\Сводка по ИП по Мессояхе 30.09.15 .xlsx
СМГ Мессояха	СМГ Мессояха\\СМГ\Сводки 2015\Сентябрь 2015\Сводка СМР за 30.09.2015 г\Свадк СМР за 30.09.2015 г\Сводка СМР ГТЭС ВС  30.09.2015г..xlsx
СМГ Мессояха	СМГ Мессояха\\СМГ\Сводки 2015\Сентябрь 2015\Сводка СМР за 30.09.2015 г\Свадк СМР за 30.09.2015 г\Сводка СМР ГТЭС СЭМ 30.09.2015.xlsx
СМГ Мессояха	СМГ Мессояха\\СМГ\Сводки 2015\Сентябрь 2015\Сводка СМР за 30.09.2015 г\Свадк СМР за 30.09.2015 г\Сводка СМР обустройство АРГОС-Прометей  30 09 2015.xlsx
СМГ Мессояха	СМГ Мессояха\\СМГ\Сводки 2015\Сентябрь 2015\Сводка СМР за 30.09.2015 г\Свадк СМР за 30.09.2015 г\Сводка СМР ПСП НВДС и КЕДР 30.09.xlsx
СМГ Мессояха	СМГ Мессояха\\СМГ\Сводки 2015\Сентябрь 2015\Сводка СМР за 30.09.2015 г\Свадк СМР за 30.09.2015 г\Сводка СМР Энергетика ЭСМТ 30.09.2015.xlsx
СМГ Мессояха	СМГ Мессояха\\СМГ\Сводки 2015\Февраль 2015\Велесстрой\Сводка СМР НН Велесстрой 28.02.2015.xlsx
СМГ Мессояха	СМГ Мессояха\\СМГ\Сводки 2015\Февраль 2015\Инж. подготовка\Сводка по отсыпке 2015г  на 11 02 15.xlsx
СМГ Мессояха	СМГ Мессояха\\СМГ\Сводки 2015\Февраль 2015\ПСД\Сводка СМР ЦПС 28 02 15 г..xlsx
СМГ Мессояха	СМГ Мессояха\\СМГ\Сводки 2015\Февраль 2015\СГАТ\Сводка СМР НН СГАТ 28.02.2015.xlsx
СМГ Мессояха	СМГ Мессояха\\СМГ\Сводки 2015\Февраль 2015\СЭМ\Сводка СМР ГТЭС 28 02 15.xlsx
СМГ Мессояха	СМГ Мессояха\\СМГ\Сводки 2015\Февраль 2015\ЦСС\Сводка СМР ПСП 28 02 2015.xlsx
СМГ Мессояха	СМГ Мессояха\\СМГ\Сводки 2015\Январь 2015\Велесстрой\Сводка СМР НН Велесстрой 30 01 2015г.xlsx
СМГ Мессояха	СМГ Мессояха\\СМГ\Сводки 2015\Январь 2015\Отсыпка\29 января\График мобилизации НВДС Месс на 29.01.15г.xls
СМГ Мессояха	СМГ Мессояха\\СМГ\Сводки 2015\Январь 2015\Отсыпка\29 января\График мобилизации НВДС Пякях на 29.01.15г.xls
СМГ Мессояха	СМГ Мессояха\\СМГ\Сводки 2015\Январь 2015\Отсыпка\29 января\График мобилизации ООО Кедр на 29.01.15г.xls
СМГ Мессояха	СМГ Мессояха\\СМГ\Сводки 2015\Январь 2015\Отсыпка\29 января\График мобилизации УДС от 29.01.15..xlsx
СМГ Мессояха	СМГ Мессояха\\СМГ\Сводки 2015\Январь 2015\Отсыпка\29 января\Сводка по отсыпке 2015г на 29.01.15.xlsx
СМГ Мессояха	СМГ Мессояха\\СМГ\Сводки 2015\Январь 2015\ПСД\Сводка СМР ЦПС 30 01 15г .xlsx
СМГ Мессояха	СМГ Мессояха\\СМГ\Сводки 2015\Январь 2015\СГАТ\Сводка СМР НН СГАТ 30 01 2015.xlsx
СМГ Мессояха	СМГ Мессояха\\СМГ\Сводки 2015\Январь 2015\СЭМ\Сводка СМР ГТЭС 30 01 15г.xlsx
СМГ Мессояха	СМГ Мессояха\\СМГ\Сводки 2015\Январь 2015\ЦСС\Сводка СМР ПСП 30 01 2015.xlsx
СМГ Мессояха	СМГ Мессояха\\СМГ\Сводки 2016\Август 2016\Сводка СМР за 31.08.2016\Сводка по  мостам за 31.08.16.xls
СМГ Мессояха	СМГ Мессояха\\СМГ\Сводки 2016\Август 2016\Сводка СМР за 31.08.2016\Сводка по ИП 31.08.16.xlsx
СМГ Мессояха	СМГ Мессояха\\СМГ\Сводки 2016\Август 2016\Сводка СМР за 31.08.2016\Сводка СМР Велесстрой НН 31.08.2016.xlsx
СМГ Мессояха	СМГ Мессояха\\СМГ\Сводки 2016\Август 2016\Сводка СМР за 31.08.2016\Сводка СМР ГПЭС РГС от 31.08.16.xls
СМГ Мессояха	СМГ Мессояха\\СМГ\Сводки 2016\Август 2016\Сводка СМР за 31.08.2016\Сводка СМР ГТЭС ВС 31.08.16.xls
СМГ Мессояха	СМГ Мессояха\\СМГ\Сводки 2016\Август 2016\Сводка СМР за 31.08.2016\Сводка СМР ОБП ВЖК СМГ_31 08 2016.xlsx
СМГ Мессояха	СМГ Мессояха\\СМГ\Сводки 2016\Август 2016\Сводка СМР за 31.08.2016\Сводка СМР СГАТ НН  31.08.2016.xlsx
СМГ Мессояха	СМГ Мессояха\\СМГ\Сводки 2016\Август 2016\Сводка СМР за 31.08.2016\Сводка_СМР_обустройство АРГОС-31 08 2016 _.xlsx
СМГ Мессояха	СМГ Мессояха\\СМГ\Сводки 2016\Апрель 2016\Сводки СМР за 28.04.2016\СВОДКА ОБП, ВЖК 28.04.2016.xlsx
СМГ Мессояха	СМГ Мессояха\\СМГ\Сводки 2016\Апрель 2016\Сводки СМР за 28.04.2016\Сводка по  мостам за 28.04.16.xls
СМГ Мессояха	СМГ Мессояха\\СМГ\Сводки 2016\Апрель 2016\Сводки СМР за 28.04.2016\Сводка по ИП  28 04 2016г к.xlsx
СМГ Мессояха	СМГ Мессояха\\СМГ\Сводки 2016\Апрель 2016\Сводки СМР за 28.04.2016\Сводка СМР Велесстрой НН 28.04.2016.xlsx
СМГ Мессояха	СМГ Мессояха\\СМГ\Сводки 2016\Апрель 2016\Сводки СМР за 28.04.2016\Сводка СМР ГПЭС РГС 28.04.16.xlsx
СМГ Мессояха	СМГ Мессояха\\СМГ\Сводки 2016\Апрель 2016\Сводки СМР за 28.04.2016\Сводка СМР ГТЭС ВС 28.04.2016.xlsx
СМГ Мессояха	СМГ Мессояха\\СМГ\Сводки 2016\Апрель 2016\Сводки СМР за 28.04.2016\Сводка СМР НН СГАТ 28.04.2016.xlsx
СМГ Мессояха	СМГ Мессояха\\СМГ\Сводки 2016\Апрель 2016\Сводки СМР за 28.04.2016\Сводка_СМР_обустройство АРГОС-28.04.2016.xlsx
СМГ Мессояха	СМГ Мессояха\\СМГ\Сводки 2016\Декабрь 2016\Сводки СМР за 23.12.2016\Сводка по ИП 23 12 16.xlsx
СМГ Мессояха	СМГ Мессояха\\СМГ\Сводки 2016\Декабрь 2016\Сводки СМР за 23.12.2016\Сводка СМГ Велесстрой НН 23.12.2016.xlsx
СМГ Мессояха	СМГ Мессояха\\СМГ\Сводки 2016\Декабрь 2016\Сводки СМР за 23.12.2016\Сводка СМР ГТЭС ВС 23 12 16.xls
СМГ Мессояха	СМГ Мессояха\\СМГ\Сводки 2016\Декабрь 2016\Сводки СМР за 23.12.2016\Сводка СМР ОБП ВЖК СМГ_23.12.2016.xlsx
СМГ Мессояха	СМГ Мессояха\\СМГ\Сводки 2016\Декабрь 2016\Сводки СМР за 23.12.2016\Сводка СМР СГАТ НН  23.12.16.xlsx
СМГ Мессояха	СМГ Мессояха\\СМГ\Сводки 2016\Декабрь 2016\Сводки СМР за 23.12.2016\Сводка_СМР_обустройство АРГОС-23 12 2016 _.xlsx
СМГ Мессояха	СМГ Мессояха\\СМГ\Сводки 2016\Декабрь 2016\Сводки СМР за 23.12.2016\Сводка_СМР_обустройство_ПремьерСтрой_23 12 2016_(Проект 866).xlsx
СМГ Мессояха	СМГ Мессояха\\СМГ\Сводки 2016\Июль 2016\Сводка СМР за 31.07.2016 часть 1\Сводка СМР Велесстрой НН 31.07.2016.xlsx
СМГ Мессояха	СМГ Мессояха\\СМГ\Сводки 2016\Июль 2016\Сводка СМР за 31.07.2016 часть 1\Сводка СМР ГПЭС РГС от 31.07.16.xlsx
СМГ Мессояха	СМГ Мессояха\\СМГ\Сводки 2016\Июль 2016\Сводка СМР за 31.07.2016 часть 1\Сводка СМР ГТЭС ВС 31.07.16.xlsx
СМГ Мессояха	СМГ Мессояха\\СМГ\Сводки 2016\Июль 2016\Сводка СМР за 31.07.2016 часть 1\Сводка СМР ОБП ВЖК СМГ_31 07 2016.xlsx.xlsx
СМГ Мессояха	СМГ Мессояха\\СМГ\Сводки 2016\Июль 2016\Сводка СМР за 31.07.2016 часть 1\Сводка СМР СГАТ НН  31.07.2016.xlsx
СМГ Мессояха	СМГ Мессояха\\СМГ\Сводки 2016\Июль 2016\Сводка СМР за 31.07.2016 часть 2\Сводка по  мостам за 31.07.16.xls
